#,AL,Producto,Código,Actividad,Inicio,Fin,Valor,Progreso
1,Usaquén,1. Organización operadores económicos informales,P08.1.A1,Solicitud formal del estudio de cargas,1-Sep,30-Sep,5,
1,Usaquén,1. Organización operadores económicos informales,P08.1.A2,Entrega del estudio de cargas,15-Sep,31-Oct,15,
1,Usaquén,1. Organización operadores económicos informales,P08.1.A3,Mesa de concertación con operadores económicos informales.,1-Sep,15-Oct,5,
1,Usaquén,1. Organización operadores económicos informales,P08.1.A4,Definición de los términos de los contratos de aprovechamiento.,1-Oct,31-Oct,10,
1,Usaquén,1. Organización operadores económicos informales,P08.1.A5,Suscripción de por lo menos 20 contratos de aprovechamiento.,15-Oct,15-Nov,25,
1,Usaquén,1. Organización operadores económicos informales,P08.1.A6,Evaluar conveniencia de definir un mobilidario especial,15-Sep,15-Oct,5,
1,Usaquén,1. Organización operadores económicos informales,P08.1.A7,Adquisición del mobiliario.,15-Oct,15-Nov,15,
1,Usaquén,1. Organización operadores económicos informales,P08.1.A8,Entrega mobiliario,15-Nov,30-Nov,20,
1,Usaquén,2. Embellecimiento,P08.2.A9,Mesa de concertación con dueños de predios a intervenir,1-Sep,30-Sep,5,
1,Usaquén,2. Embellecimiento,P08.2.A10,Definición de intervención estética en las fachadas: marca,15-Sep,15-Oct,10,
1,Usaquén,2. Embellecimiento,P08.2.A11,"Contratación, si necesario, de obras de ornato para fachadas.",1-Oct,31-Oct,10,
1,Usaquén,2. Embellecimiento,P08.2.A12,Entrega fachadas,1-Nov,30-Nov,35,
1,Usaquén,2. Embellecimiento,P08.2.A13,Mesa evaluación posibles intervenciones a la fuente,1-Sep,30-Sep,5,
1,Usaquén,2. Embellecimiento,P08.2.A14,Definición de intervención estética a la fuente,15-Sep,15-Oct,10,
1,Usaquén,2. Embellecimiento,P08.2.A15,"Contratación, si necesario, de obras de mejora de la fuente.",1-Oct,31-Oct,10,
1,Usaquén,2. Embellecimiento,P08.2.A16,Entrega fuente,1-Nov,30-Nov,15,
2,Chapinero,1. [P05.1] Articulación del proceso de legalización,[P05.1] 1.1,Visita técnica al barrio,1-Jan,31-Jul,2,Completado
2,Chapinero,1. [P05.1] Articulación del proceso de legalización,[P05.1] 1.2,Convocatoria comunitaria,1-Jan,31-Jul,2,Completado
2,Chapinero,1. [P05.1] Articulación del proceso de legalización,[P05.1] 1.3,Taller informativo 1: socialización,1-Jan,31-Jul,2,Completado
2,Chapinero,1. [P05.1] Articulación del proceso de legalización,[P05.1] 1.4,Levantamiento topográfico,1-Jan,31-Jul,2,Completado
2,Chapinero,1. [P05.1] Articulación del proceso de legalización,[P05.1] 1.5,"Taller informativo 2: recolección docs, y firmas del 51% de la comunidad",1-Jan,31-Jul,2,Completado
2,Chapinero,1. [P05.1] Articulación del proceso de legalización,[P05.1] 2.1,Mesa Aprobación cartográfica: SDP revisa y aprueba el plano,1-Jan,31-Jul,3,Completado
2,Chapinero,1. [P05.1] Articulación del proceso de legalización,[P05.1] 2.2,Diagnóstico jurídico Catastral: id de propieratios,1-Jan,31-Jul,2,Completado
2,Chapinero,1. [P05.1] Articulación del proceso de legalización,[P05.1] 2.3,Solicitud de conceptos técnico IDIGER,1-Jul,31-Aug,10,Completado
2,Chapinero,1. [P05.1] Articulación del proceso de legalización,[P05.1] 2.4,Solicitud de conceptos técnico EAAB,1-Jul,31-Aug,5,Completado
2,Chapinero,1. [P05.1] Articulación del proceso de legalización,[P05.1] 2.5,Solicitud de conceptos técnico SDA,1-Jul,31-Aug,5,Completado
2,Chapinero,1. [P05.1] Articulación del proceso de legalización,[P05.1] 2.6,Salidas cartográficas (para complementar expediente),1-Jul,31-Aug,10,Completado
2,Chapinero,1. [P05.1] Articulación del proceso de legalización,[P05.1] 2.7,Informe ejecutivo,1-Jul,30-Sep,15,Completado
2,Chapinero,1. [P05.1] Articulación del proceso de legalización,[P05.1] 2.8,Revisión del expediente,1-Jul,31-Oct,15,Completado
2,Chapinero,1. [P05.1] Articulación del proceso de legalización,[P05.1] 2.9,Presentación de solicitud ante Planeación,1-Jul,31-Dec,25,Completado
2,Chapinero,2. Seguimiento en campo a legalización,P08.2.A25,Actualización visitas de campo efectuadas hasta agosto  para control de construcciones y promoción del espacio público y los requisitos de la legalización.,1-Jun,30-Aug,20,
2,Chapinero,2. Seguimiento en campo a legalización,P08.2.A26,Cuatro visitas de campo para control de construcciones y promoción del espacio público y los requisitos de la legalización.,15-Aug,15-Sep,20,
2,Chapinero,2. Seguimiento en campo a legalización,P08.2.A27,Cuatro visitas de campo para control de construcciones y promoción del espacio público y los requisitos de la legalización.,15-Sep,15-Oct,20,
2,Chapinero,2. Seguimiento en campo a legalización,P08.2.A28,Cuatro visitas de campo para control de construcciones y promoción del espacio público y los requisitos de la legalización.,15-Oct,15-Nov,20,
2,Chapinero,2. Seguimiento en campo a legalización,P08.2.A29,Cuatro visitas de campo para control de construcciones y promoción del espacio público y los requisitos de la legalización.,15-Nov,15-Dec,20,
2,Chapinero,3. [P05.3] Actividades complementarias,[P05.3] 1.1,Visita 1,1-Jul,31-Jul,15,Completado
2,Chapinero,3. [P05.3] Actividades complementarias,[P05.3] 1.2,Visita 2,1-Jul,30-Sep,25,Completado
2,Chapinero,3. [P05.3] Actividades complementarias,[P05.3] 1.3,Acercamiento a EAAB,1-Jul,30-Sep,15,Completado
2,Chapinero,3. [P05.3] Actividades complementarias,[P05.3] 1.4,Acercamiento a Transmilenio,1-Jul,15-Mar,15,Completado
2,Chapinero,3. [P05.3] Actividades complementarias,[P05.3] 1.5,Acermaniento IDRD,1-Jul,15-Mar,15,Completado
2,Chapinero,3. [P05.3] Actividades complementarias,[P05.3] 1.6,Acercamiento Cultura,1-Jul,30-Nov,15,Completado
2,Chapinero,4. [P05.2] Nueva solicitud de Legalización ,P08.1-H1-A15. [P05.2]1.1,Reunión de evaluación de razones de devolución,1-Mar,15-Mar,10,Completado
2,Chapinero,4. [P05.2] Nueva solicitud de Legalización ,P08.1-H1-A16. [P05.2]1.2,Preparación de un nuevo dossier para la solicitud,1-Mar,31-Mar,10,Completado
2,Chapinero,4. [P05.2] Nueva solicitud de Legalización ,P08.1-H1-A17. [P05.2]1.3,Presentaciión ante planeación,1-Apr,15-Apr,30,Completado
2,Chapinero,4. [P05.2] Nueva solicitud de Legalización ,P08.4.A18,P08.1-H1-A18. [P05.2]1.4 Aprobación de la solicitud por parte de planeación,15-May,30-Nov,50,
3,Santa Fe,"P08.1. Calle 13 – Calle 16 
[Tramo Santander]",P08.1-H1-A01,Acciones de registro y control de Estacion de Policia,1-Apr,30-Apr,5,Completado
3,Santa Fe,"P08.1. Calle 13 – Calle 16 
[Tramo Santander]",P08.1-H1-A02,Acciones de registro y control de Estacion de Policia,1-May,31-May,5,Completado
3,Santa Fe,"P08.1. Calle 13 – Calle 16 
[Tramo Santander]",P08.1-H1-A03,Acciones de registro y control de Estacion de Policia,1-Jun,30-Jun,5,Completado
3,Santa Fe,"P08.1. Calle 13 – Calle 16 
[Tramo Santander]",P08.1-H1-A04,Acciones de registro y control de Estacion de Policia,1-Jul,31-Jul,5,Completado
3,Santa Fe,"P08.1. Calle 13 – Calle 16 
[Tramo Santander]",P08.1-H1-A05,Acciones de registro y control de Estacion de Policia,1-Aug,31-Aug,5,Completado
3,Santa Fe,"P08.1. Calle 13 – Calle 16 
[Tramo Santander]",P08.1-H2-A06,"Acciones de sensibilizacion, sostenibilidad  y contención  vendedores",1-Apr,30-Apr,6,Completado
3,Santa Fe,"P08.1. Calle 13 – Calle 16 
[Tramo Santander]",P08.1-H2-A07,"Acciones de sensibilizacion, sostenibilidad  y contención  vendedores",1-May,31-May,6,Completado
3,Santa Fe,"P08.1. Calle 13 – Calle 16 
[Tramo Santander]",P08.1-H2-A08,"Acciones de sensibilizacion, sostenibilidad  y contención  vendedores",1-Jun,30-Jun,6,Completado
3,Santa Fe,"P08.1. Calle 13 – Calle 16 
[Tramo Santander]",P08.1-H2-A09,"Acciones de sensibilizacion, sostenibilidad  y contención  vendedores",1-Jul,31-Jul,6,Completado
3,Santa Fe,"P08.1. Calle 13 – Calle 16 
[Tramo Santander]",P08.1-H3-A10,Intervención pedagógica e IVC por extensión comercial,1-Apr,15-Jun,7,Completado
3,Santa Fe,"P08.1. Calle 13 – Calle 16 
[Tramo Santander]",P08.1-H3-A11,Revisar rejillas faltantes y gesionar su reposición (envío oficio Uga),1-Apr,15-Jun,7,En curso
3,Santa Fe,"P08.1. Calle 13 – Calle 16 
[Tramo Santander]",P08.1-H3-A12,Podas y jardinería,1-May,31-May,7,Completado
3,Santa Fe,"P08.1. Calle 13 – Calle 16 
[Tramo Santander]",P08.1-H4-A13,Estudio de cargas del tramo (Dadep),1-Jun,31-Aug,15,No iniciado
3,Santa Fe,"P08.1. Calle 13 – Calle 16 
[Tramo Santander]",P08.1-H4-A14,Caracterización vendedores informales,1-Jun,31-Aug,15,No iniciado
3,Santa Fe,"P08.2. Calle 16 – Calle 19 
[Tramo Las Nieves]",P08.2-H1-A15,Acciones de registro y control de Estacion de Policia,1-Apr,30-Apr,5,Completado
3,Santa Fe,"P08.2. Calle 16 – Calle 19 
[Tramo Las Nieves]",P08.2-H1-A16,Acciones de registro y control de Estacion de Policia,1-May,31-May,5,Completado
3,Santa Fe,"P08.2. Calle 16 – Calle 19 
[Tramo Las Nieves]",P08.2-H1-A17,Acciones de registro y control de Estacion de Policia,1-Jun,30-Jun,5,Completado
3,Santa Fe,"P08.2. Calle 16 – Calle 19 
[Tramo Las Nieves]",P08.2-H1-A18,Acciones de registro y control de Estacion de Policia,1-Jul,31-Jul,5,Completado
3,Santa Fe,"P08.2. Calle 16 – Calle 19 
[Tramo Las Nieves]",P08.2-H1-A19,Acciones de registro y control de Estacion de Policia,1-Aug,31-Aug,5,Completado
3,Santa Fe,"P08.2. Calle 16 – Calle 19 
[Tramo Las Nieves]",P08.2-H2-A20,"Acciones de sensibilizacion, sostenibilidad  y contención  vendedores",1-Apr,30-Apr,6,Completado
3,Santa Fe,"P08.2. Calle 16 – Calle 19 
[Tramo Las Nieves]",P08.2-H2-A21,"Acciones de sensibilizacion, sostenibilidad  y contención  vendedores",1-May,31-May,6,Completado
3,Santa Fe,"P08.2. Calle 16 – Calle 19 
[Tramo Las Nieves]",P08.2-H2-A22,"Acciones de sensibilizacion, sostenibilidad  y contención  vendedores",1-Jun,30-Jun,6,Completado
3,Santa Fe,"P08.2. Calle 16 – Calle 19 
[Tramo Las Nieves]",P08.2-H2-A23,"Acciones de sensibilizacion, sostenibilidad  y contención  vendedores",1-Jul,31-Jul,6,Completado
3,Santa Fe,"P08.2. Calle 16 – Calle 19 
[Tramo Las Nieves]",P08.2-H3-A24,Intervención pedagógica e IVC por extensión comercial,1-Apr,15-Jun,10,Completado
3,Santa Fe,"P08.2. Calle 16 – Calle 19 
[Tramo Las Nieves]",P08.2-H3-A25,Revisar rejillas faltantes y gesionar su reposición (envío oficio Uga),1-Apr,15-Jun,11,En curso
3,Santa Fe,"P08.2. Calle 16 – Calle 19 
[Tramo Las Nieves]",P08.2-H4-A26,Estudio de cargas del tramo (Dadep),1-Jun,31-Aug,15,No iniciado
3,Santa Fe,"P08.2. Calle 16 – Calle 19 
[Tramo Las Nieves]",P08.2-H4-A27,Caracterización vendedores informales,1-Jun,31-Aug,15,No iniciado
3,Santa Fe,"P08.4. Calle 24 – Calle 26
[Tramo Colpatria]",P08.4-H1-A42,Acciones de registro y control de Estacion de Policia,1-Apr,30-Apr,8,Completado
3,Santa Fe,"P08.4. Calle 24 – Calle 26
[Tramo Colpatria]",P08.4-H1-A43,Acciones de registro y control de Estacion de Policia,1-May,31-May,8,Completado
3,Santa Fe,"P08.4. Calle 24 – Calle 26
[Tramo Colpatria]",P08.4-H1-A44,Acciones de registro y control de Estacion de Policia,1-Jun,30-Jun,8,Completado
3,Santa Fe,"P08.4. Calle 24 – Calle 26
[Tramo Colpatria]",P08.4-H1-A45,Acciones de registro y control de Estacion de Policia,1-Jul,31-Jul,8,Completado
3,Santa Fe,"P08.4. Calle 24 – Calle 26
[Tramo Colpatria]",P08.4-H1-A46,Acciones de registro y control de Estacion de Policia,1-Aug,31-Aug,8,Completado
3,Santa Fe,"P08.4. Calle 24 – Calle 26
[Tramo Colpatria]",P08.4-H2-A47,"Acciones de sensibilizacion, sostenibilidad  y contención  vendedores",1-Apr,15-Jun,10,Completado
3,Santa Fe,"P08.4. Calle 24 – Calle 26
[Tramo Colpatria]",P08.4-H1-A48,Intervención pedagógica e IVC por extensión comercial,1-Apr,15-Jun,10,Completado
3,Santa Fe,"P08.4. Calle 24 – Calle 26
[Tramo Colpatria]",P08.4-H1-A49,Revisar rejillas faltantes y gesionar su reposición (envío oficio Uga),1-Apr,15-Jun,10,En curso
3,Santa Fe,"P08.4. Calle 24 – Calle 26
[Tramo Colpatria]",P08.4-H4-A50,Estudio de cargas del tramo (Dadep),1-Jun,31-Aug,15,No iniciado
3,Santa Fe,"P08.4. Calle 24 – Calle 26
[Tramo Colpatria]",P08.4-H4-A51,Caracterización vendedores informales,1-Jun,31-Aug,15,No iniciado
6,Tunjuelito,1. Carrera 13F,P08.1.A1,Jornada de recolección,1-Jun,15-Sep,10,
6,Tunjuelito,1. Carrera 13F,P08.1.A2,Recuperación andenes (gradas),1-Jun,15-Sep,10,
6,Tunjuelito,1. Carrera 13F,P08.1.A3,Mural con identidad local,1-Sep,15-Oct,20,
6,Tunjuelito,1. Carrera 13F,P08.1.A4,Participar en la inauguración Centro Habitante Calle,1-Sep,15-Nov,10,
6,Tunjuelito,1. Carrera 13F,P08.1.A5,Paradero SITP,1-Sep,15-Nov,20,
6,Tunjuelito,1. Carrera 13F,P08.1.A6,Urbanísmo táctico 1,1-Sep,15-Oct,15,
6,Tunjuelito,1. Carrera 13F,P08.1.A7,Urbanísmo táctico 2,1-Sep,15-Nov,15,
6,Tunjuelito,2. Parque de la Virgen,P08.2.A8,Jornada de recolección,1-Jul,15-Sep,20,
6,Tunjuelito,2. Parque de la Virgen,P08.2.A9,Recuperación parque,1-Sep,30-Oct,40,
6,Tunjuelito,2. Parque de la Virgen,P08.2.A10,Nivelación vía,1-Sep,30-Oct,20,
6,Tunjuelito,2. Parque de la Virgen,P08.2.A11,Urbanísmo táctico,1-Sep,30-Oct,20,
7,Bosa,1. Seguimiento a avances Esapetrol,P08.1.A1,Actos preparatorios períodos anteriores,15-Oct,15-Aug,20,
7,Bosa,1. Seguimiento a avances Esapetrol,P08.1.A2,P08.2-H1-A07. [P05.2] 1.4,31-Oct,29-Jan,20,
7,Bosa,1. Seguimiento a avances Esapetrol,P08.1.A3,P08.2-H1-A05. [P05.2] 1.2,16-Dec,7-Dec,30,
7,Bosa,1. Seguimiento a avances Esapetrol,P08.1.A4,P08.2-H1-A06. [P05.2] 1.3,16-Dec,3-Jan,30,
7,Bosa,2. Coordinación Interinstitucional,P08.2.A5,Mesa de trabajo con SDA.,15-Sep,15-Oct,20,
7,Bosa,2. Coordinación Interinstitucional,P08.2.A6,Establecimiento de riesgo ambiental actual de operación de Esapetrol.,1-Oct,31-Oct,20,
7,Bosa,2. Coordinación Interinstitucional,P08.2.A7,Establecimiento de riesgo ambiental por traslado a Fontibón.,1-Oct,31-Oct,20,
7,Bosa,2. Coordinación Interinstitucional,P08.2.A8,Determinación del plan de trabajo de la SDA para evitar impacto ambiental,1-Oct,15-Nov,20,
7,Bosa,2. Coordinación Interinstitucional,P08.2.A9,Participación en sesión Jal,1-Oct,31-Oct,20,
8,Kennedy,1. [P05.1] Alistamiento,[P05.1] 1.1,"Sistematización de referentes (CEFE (centros de felicidad), experiencias locales)",21-Jul,30-Aug,20,Completado
8,Kennedy,1. [P05.1] Alistamiento,[P05.1] 1.2,Realización de talleres con comunidad para priorización de servicios culturales,21-Jul,15-Sep,20,Completado
8,Kennedy,1. [P05.1] Alistamiento,[P05.1] 1.3,"Formulación del documento técnico de alcance, enfoque y usos del proyecto",1-Aug,30-Sep,10,Completado
8,Kennedy,1. [P05.1] Alistamiento,[P05.1] 2.1,Envío de documentación requerida para el comodato del predio al DADEP,21-Jul,30-Aug,10,Completado
8,Kennedy,1. [P05.1] Alistamiento,P08.1-H2-A05. [P05.1] 2.1,Envío de documentación requerida para el comodato del predio al DADEP,15-Aug,31-Mar,20,Completado
8,Kennedy,1. [P05.1] Alistamiento,[P05.1] 2.3,Firma del comodato con DADEP,15-Aug,30-Sep,20,Completado
8,Kennedy,2. [P05.2]Recursos,P08.2.A7,Mesa interna ALK,15-Aug,30-Sep,20,
8,Kennedy,2. [P05.2]Recursos,P08.2.A8,"Mesa externa (FDL, DGDL, Hacienda, Sector Cultura)",15-Aug,31-Oct,80,
8,Kennedy,"3. [P05.3]Consultoria, Estudios y Disenos. ",[P05.1] 3.1,Elaboración de estudios previos y pliegos tipo para la consultoría,25-Aug,30-Sep,5,Completado
8,Kennedy,"3. [P05.3]Consultoria, Estudios y Disenos. ",[P05.1] 3.2,Aprobación presupuestal y publicación del proceso,30-Sep,20-Oct,5,Completado
8,Kennedy,"3. [P05.3]Consultoria, Estudios y Disenos. ",[P05.1] 3.3,Proceso de evaluación y adjudicación del contrato de estudios y diseños,20-Oct,30-Nov,5,Completado
8,Kennedy,"3. [P05.3]Consultoria, Estudios y Disenos. ",P08.3.A12,Entrega #1,28-Jul,1-Oct,20,
8,Kennedy,"3. [P05.3]Consultoria, Estudios y Disenos. ",P08.3.A13,Entrega #2,25-Sep,5-Nov,20,
8,Kennedy,"3. [P05.3]Consultoria, Estudios y Disenos. ",P08.3.A14,Entrega #3,30-Oct,10-Dec,20,
8,Kennedy,"3. [P05.3]Consultoria, Estudios y Disenos. ",P08.3.A15,Entrega #4,4-Dec,12-Jan,20,
8,Kennedy,"3. [P05.3]Consultoria, Estudios y Disenos. ",P08.3.A16,Curaduría,27-Oct,27-Oct,1,
8,Kennedy,"3. [P05.3]Consultoria, Estudios y Disenos. ",P08.3.A17,ETB,10-Nov,10-Nov,1,
8,Kennedy,"3. [P05.3]Consultoria, Estudios y Disenos. ",P08.3.A18,EAAB,24-Nov,24-Nov,1,
8,Kennedy,"3. [P05.3]Consultoria, Estudios y Disenos. ",P08.3.A19,Jardín Botánico WR,22-Oct,22-Oct,1,
8,Kennedy,"3. [P05.3]Consultoria, Estudios y Disenos. ",P08.3.A20,"Enel, UAESP, SDA, IDRD",3-Dec,3-Dec,1,
9,Fontibón,1. [P05.1] Organización   de vendedores informales y seguimiento.,[P05.1] 1.1,Oficiar Ipes autorización espacios,1-Jul,15-Jul,5,Completado
9,Fontibón,1. [P05.1] Organización   de vendedores informales y seguimiento.,[P05.1] 1.2,Socialización protocolos del Ipes,1-Jul,15-Jul,5,Completado
9,Fontibón,1. [P05.1] Organización   de vendedores informales y seguimiento.,[P05.1] 1.3,Solicitar la intervención del Gabinete Local para decisión del Ipes,1-Aug,10-Aug,5,Completado
9,Fontibón,1. [P05.1] Organización   de vendedores informales y seguimiento.,P08.1-H1-A04 [P05.1] 1.4,Ipes autoriza espacios para organizar vendedores informales.,1-Aug,15-May,20,Completado
9,Fontibón,1. [P05.1] Organización   de vendedores informales y seguimiento.,P08.1-H2-A05,Campañas de sensibilización,1-Apr,30-Apr,20,Completado
9,Fontibón,1. [P05.1] Organización   de vendedores informales y seguimiento.,P08.1-H2-A06,Definición espacios para reubicación,1-Mar,15-Mar,15,Completado
9,Fontibón,1. [P05.1] Organización   de vendedores informales y seguimiento.,P08.1-H2-A07,Definición listado reubicados,2-Mar,30-Mar,15,Completado
9,Fontibón,1. [P05.1] Organización   de vendedores informales y seguimiento.,P08.1-H2-A08,Plan de reubicación,1-Apr,15-May,15,Completado
9,Fontibón,2. [P05.2] Actividades complementarias,[P05.2] 1.1,Operativo de comparendo por extensión de actividad económica.,1-Aug,31-Aug,25,Completado
9,Fontibón,2. [P05.2] Actividades complementarias,P08.2-H1-A11. [P05.2] 1.2,Operativo de comparendo por extensión de actividad económica.,1-Sep,15-Mar,25,Completado
9,Fontibón,2. [P05.2] Actividades complementarias,P08.2-H1-A12. [P05.2] 1.3,Operativo de comparendo por extensión de actividad económica.,1-Oct,30-Apr,25,Completado
9,Fontibón,2. [P05.2] Actividades complementarias,P08.2-H1-A13. [P05.2] 1.4,Operativo de comparendo por extensión de actividad económica.,1-Nov,15-May,25,No iniciado
9,Fontibón,3. Reubicación Plaza,P08.3.A14,Ferias serivios (x2),16-Jun,31-Aug,10,
9,Fontibón,3. Reubicación Plaza,P08.3.A15,Arreglo estructura Plaza,1-Jun,31-Aug,10,
9,Fontibón,3. Reubicación Plaza,P08.3.A16,Sensibilización,1-Aug,15-Sep,5,
9,Fontibón,3. Reubicación Plaza,P08.3.A17,Mesa con líder cdel Consejo Local de vendedores,15-Aug,31-Aug,5,
9,Fontibón,3. Reubicación Plaza,P08.3.A18,Recorrido,15-Aug,15-Sep,5,
9,Fontibón,3. Reubicación Plaza,P08.3.A19,Reubicación,1-Sep,30-Sep,40,
9,Fontibón,3. Reubicación Plaza,P08.3.A20,Compra de insumos,20-Sep,31-Oct,25,
9,Fontibón,4. Reubicación Parque,P08.4.A21,Informe de cargas,1-Aug,15-Sep,10,
9,Fontibón,4. Reubicación Parque,P08.4.A22,Preparación proyecto de viabilidad,15-Aug,30-Sep,15,
9,Fontibón,4. Reubicación Parque,P08.4.A23,Aprobación proyecto de viabilidad,30-Sep,15-Oct,10,
9,Fontibón,4. Reubicación Parque,P08.4.A24,Compra de mobiliario,1-Sep,15-Oct,10,
9,Fontibón,4. Reubicación Parque,P08.4.A25,Acuerdos temporales,1-Oct,31-Oct,15,
9,Fontibón,4. Reubicación Parque,P08.4.A26,Reubicación,1-Nov,15-Nov,40,
9,Fontibón,5. IVC,P08.5.A27,Operativos vendedores nuevos Parque,1-Sep,30-Sep,20,
9,Fontibón,5. IVC,P08.5.A28,Operativos vendedores nuevos Parque,1-Oct,31-Oct,20,
9,Fontibón,5. IVC,P08.5.A29,Operativos vendedores nuevos Parque,1-Nov,30-Nov,20,
9,Fontibón,5. IVC,P08.5.A30,Jornada IVC Plaza,1-Oct,31-Oct,20,
9,Fontibón,5. IVC,P08.5.A31,Jornada IVC Plaza,1-Nov,30-Nov,20,
10,Engativá,1. [P08.1] Actividades de preparación,[P05.1] 1.1,Evalución preliminar sobre requerimientos,15-Jul,10-Aug,5,Completado
10,Engativá,1. [P08.1] Actividades de preparación,[P05.1] 1.2,Planteamiento de la estrategia,15-Jul,10-Aug,10,Completado
10,Engativá,1. [P08.1] Actividades de preparación,[P05.1] 1.3,Instalación de Mesa de Amigos del Puente,10-Aug,15-Aug,5,Completado
10,Engativá,1. [P08.1] Actividades de preparación,P08.1-H1-A04 [P05.2] 1.1, Estudios,1-Aug,31-Mar,80,En curso
10,Engativá,2. Preparación contratación,P08.2.A5,Mesa con la CAR,31-Aug,31-Aug,5,
10,Engativá,2. Preparación contratación,P08.2.A6,Permiso de Ocupación de Cauce,15-Nov,15-Oct,30,
10,Engativá,2. Preparación contratación,P08.2.A7,Estudios de costos y administración complementarios,15-Sep,15-Sep,25,
10,Engativá,2. Preparación contratación,P08.2.A8,Formulación interventoría,31-Oct,30-Sep,20,
10,Engativá,2. Preparación contratación,P08.2.A9,Preparación documentación para Asistencia Técnica,10-Nov,30-Sep,20,
10,Engativá,3. Cierre financiero,P08.3.A10,Mesa interna de financiación,15-Sep,15-Sep,15,
10,Engativá,3. Cierre financiero,P08.3.A11,Mesa Idiger,15-Sep,15-Sep,15,
10,Engativá,3. Cierre financiero,P08.3.A12,Mesa externa de financiación,15-Sep,15-Sep,15,
10,Engativá,3. Cierre financiero,P08.3.A13,Aseguramiento de la financiación,30-Sep,30-Sep,55,
10,Engativá,4. Contratación,P08.4.A14,Publicación contratación obras,10-Nov,15-Oct,25,
10,Engativá,4. Contratación,P08.4.A15,Publicación contratación Interventoría,10-Nov,15-Oct,20,
10,Engativá,4. Contratación,P08.4.A16,Publicación compra puente,31-Dec,15-Oct,25,
10,Engativá,4. Contratación,P08.4.A17,Adjudicación obra,31-Dec,15-Dec,10,
10,Engativá,4. Contratación,P08.4.A18,Adjudicación interventoría,31-Dec,15-Dec,10,
10,Engativá,4. Contratación,P08.4.A19,Compra del puente,31-Dec,15-Dec,10,
10,Engativá,5. Ejecución obra,P08.5.A20,Ejecución 25% obra,,31-Mar,25,
10,Engativá,5. Ejecución obra,P08.5.A21,Ejecución 50% obra,,30-Apr,25,
10,Engativá,5. Ejecución obra,P08.5.A22,Ejecución 75% obra,,31-May,25,
10,Engativá,5. Ejecución obra,P08.5.A23,Entrega obra con puente instalado,,30-Jun,25,
10,Engativá,6. Obras complementarias,P08.6.A24,P08.3-H1-A12. [P05.5] 1.1 Carretera que conecta puente con parqueadero parque,,30-Jun,100,
13,Teusaquillo,P1. Diagnóstico y estructuración técnica del proyecto,[P05.1] 1.1,Definición de la situación actual del edificio y sus necesidades,1-Jan,15-Aug,50,Completado
13,Teusaquillo,P1. Diagnóstico y estructuración técnica del proyecto,[P05.1] 1.2,Revisión antecedentes documentales en temas administrativos y judiciales del proceso de la construcción de la Sede de la alcaldía local de Teusaquillo (Febrero - Mayo) ,1-Feb,15-Aug,50,Completado
13,Teusaquillo,P2.Estructuración y gestión del proceso de contratación,P2.H1.A3,Determinación de la ruta de contratación fruto del resultado de las necesidades a contratar,1-Mar,31-Dec,10,Completado
13,Teusaquillo,P2.Estructuración y gestión del proceso de contratación,[P05.2] 2.1,Ruta estructuración proceso de consultoria,27-Mar,28-Apr,10,Completado
13,Teusaquillo,P2.Estructuración y gestión del proceso de contratación,[P05.2] 2.4,Definición cronograma para la adjudicación y ejecución de contratos + citación comité de contratación,28-Apr,5-May,10,Completado
13,Teusaquillo,P2.Estructuración y gestión del proceso de contratación,[P05.2] 2.5,Gestión de recursos: Trámite de liberación de recursos y/o excedentes,24-Apr,15-Aug,20,Completado
13,Teusaquillo,P2.Estructuración y gestión del proceso de contratación,[P05.2] 2.5,Radicación y sesiones JAL : Sesiones de aprobación para uso de excedentes,10-Jul,28-Jul,10,Completado
13,Teusaquillo,P2.Estructuración y gestión del proceso de contratación,[P05.2] 2.3, Trámite administrativo incorporación excedentes financieros y nuevo comité de contratación,4-Aug,21-Aug,10,Completado
13,Teusaquillo,P2.Estructuración y gestión del proceso de contratación,H2 2.7,Asistencia técnica ,25-Aug,5-Sep,10,Completado
13,Teusaquillo,P2.Estructuración y gestión del proceso de contratación,[P05.2] 2.2,Publicación proceso de selección en la plataforma SECOP II y firma de contratos,10-Sep,17-Sep,10,Completado
13,Teusaquillo,P2.Estructuración y gestión del proceso de contratación,[P05.3] 3.4,Nueva Publicación proceso de selección Consultoria en la plataforma SECOP II y adjudicación,8-Sep,10-Nov,10,Completado
13,Teusaquillo,P3.Implementación,P08.3-H1-A12,Modificación (Adición y prorroga primera dupla),13-Feb,13-Mar,15,Completado
13,Teusaquillo,P3.Implementación,P08.3-H1-A13,Seguimiento a la ejecución contractual incluida la adicion y prorroga,24-Nov,15-Sep,25,En curso
13,Teusaquillo,P3.Implementación,P08.3-H1-A14,Cierre de consultoria y obtención de licencia,24-Nov,15-Sep,10,En curso
13,Teusaquillo,P3.Implementación,P08.3-H2-A15,Formulación precontractual para la contrucción de la segunda dupla de contratos (obra e interventoria),4-May,20-Jul,15,Completado
13,Teusaquillo,P3.Implementación,P08.3-H2-A16,Consecucion de recursos para finalizarla obra de la nueva sede (Confis),4-May,15-Sep,20,En curso
13,Teusaquillo,P3.Implementación,P08.3-H2-A17,Publicación proceso y selección contratista de obra e interventoria,7-Aug,7-Oct,15,
13,Teusaquillo,P4 .Culminación ,P08.4-H1-A18,Suscipcion del contrato (segunda dupla),7-Oct,7-Oct,35,
13,Teusaquillo,P4 .Culminación ,P08.4-H1-A19,Suscripcion acta de inicio ,14-Oct,14-Oct,25,
13,Teusaquillo,P4 .Culminación ,P08.4-H1-A20,"Terminación de la construcción ""Nueva sede""",14-Oct,14-Oct,40,
14,Los Mártires,[P05.1] Apropiación presupuestal,[P05.1] 1.1,Tramite de aprobación de Excedentes financieros.,21-Jul,15-Aug,50,Completado
14,Los Mártires,[P05.1] Apropiación presupuestal,[P05.1] 1.2,Expedición del acto administrativo de la apropiación del Presupuesto,8-Aug,15-Aug,50,Completado
14,Los Mártires,[P05.2] Etapa precontractual,[P05.2] 2.1,Cierre carpeta docuemental de la etapa precontractual.,28-Jul,15-Aug,20,Completado
14,Los Mártires,[P05.2] Etapa precontractual,[P05.2] 2.2,Sesión del Comité de Contratación para aprobación del proceso precontractual.,21-Aug,28-Aug,20,Completado
14,Los Mártires,[P05.2] Etapa precontractual,[P05.2] 2.3,Radicación tramite de solicitud  para la  asistencia Técnica previa al inicio del proceso contractual.,28-Aug,10-Sep,20,Completado
14,Los Mártires,[P05.2] Etapa precontractual,[P05.2] 2.4,Proceso de publicación contractual.,10-Sep,10-Oct,20,Completado
14,Los Mártires,[P05.2] Etapa precontractual,[P05.2] 2.5,Proceso de Adjudicación contractual,10-Oct,30-Oct,20,Completado
14,Los Mártires,[P05.3] Etapa contractual 40,[P05.3] 3.1,Firma del acta de Inicio de los contrantos de construcción.,3-Nov,7-Nov,10,Completado
14,Los Mártires,[P05.3] Etapa contractual 40,P08.3-H1-A09. [P05.3] 3.2,Apropiacion de estudios y disenos ,1-Mar,31-Mar,20,Completado
14,Los Mártires,[P05.3] Etapa contractual 40,P08.3-H1-A10. [P05.3] 3.3,Socialización del proceso de construcción con la comunidad.,3-Nov,30-Apr,15,Completado
14,Los Mártires,[P05.3] Etapa contractual 40,P08.3-H1-A11. [P05.3] 3.4,Visita Transformación a obra,1-Apr,15-May,15,Completado
14,Los Mártires,[P05.3] Etapa contractual 40,P08.3-H1-A12. [P05.3] 3.5,Inicio de la ejecución contractual.,1-Mar,31-Mar,10,Completado
14,Los Mártires,[P05.3] Etapa contractual 40,P08.3-H1-A13. [P05.3],3.6 Entrega del 30 % de la obra ,7-Nov,15-Jun,30,Completado
14,Los Mártires,4. Ejecución final obra,P08.4.A14,Entrega 50% Obra,1-Aug,15-Sep,20,
14,Los Mártires,4. Ejecución final obra,P08.4.A15,Entrega 65% Obra,1-Sep,15-Oct,20,
14,Los Mártires,4. Ejecución final obra,P08.4.A16,Entrega 80% Obra,1-Oct,15-Dec,25,
14,Los Mártires,4. Ejecución final obra,P08.4.A17,Entrega 100% Obra,1-Jan,28-Feb,25,
14,Los Mártires,4. Ejecución final obra,P08.4.A18,Inauguración obra,1-Mar,31-Mar,10,
15,Antonio Nariño,1. Componentes básicos,P08.1.A1,Adjudicación obra rehabilitación parque,1-Mar,15-Sep,10,
15,Antonio Nariño,1. Componentes básicos,P08.1.A2,Mesa cocreación,1-Mar,15-Sep,10,
15,Antonio Nariño,1. Componentes básicos,P08.1.A3,Ejecución 75% obra,1-Mar,15-Sep,10,
15,Antonio Nariño,1. Componentes básicos,P08.1.A4,Ejecución 90% obra,1-Mar,15-Oct,20,
15,Antonio Nariño,1. Componentes básicos,P08.1.A5,Ejecución 100% obra,1-Mar,30-Oct,50,
15,Antonio Nariño,2. Valor agregado,P08.2.A6,Lluvia de ideas sobre componente de valor agregado,1-Sep,15-Sep,10,
15,Antonio Nariño,2. Valor agregado,P08.2.A7,Selección de componente de valor agregado del parque,1-Sep,30-Oct,20,
15,Antonio Nariño,2. Valor agregado,P08.2.A8,Ejecución componente,1-Sep,15-Nov,50,
15,Antonio Nariño,2. Valor agregado,P08.2.A9,Puesta en escena componente valor agregado.,1-Sep,30-Nov,20,
16,Puente Aranda,[P05.1] Estructuración y gestión interinstitucional del plan de acción para la recuperación del Canal Comuneros,[P05.1] 1.1,Diagnóstico técnico y social del Canal Comuneros,10-Aug,30-Sep,40,Completado
16,Puente Aranda,[P05.1] Estructuración y gestión interinstitucional del plan de acción para la recuperación del Canal Comuneros,[P05.1] 2.1,Reunión con Acueducto de Bogotá para identificar posibles intervenciones,1-Sep,30-Sep,20,Completado
16,Puente Aranda,[P05.1] Estructuración y gestión interinstitucional del plan de acción para la recuperación del Canal Comuneros,[P05.1] 2.2,Reunión con Secretaría Distrital de Ambiente – inclusión en proceso,1-Sep,20-Sep,20,Completado
16,Puente Aranda,[P05.1] Estructuración y gestión interinstitucional del plan de acción para la recuperación del Canal Comuneros,[P05.1] 2.3,Reunión con Secretaría de Seguridad y Policía para definir acciones disuasivas y operativos complementarios,1-Sep,20-Sep,20,Completado
16,Puente Aranda,2.Cerramiento (50 mts),P08.2.A6,Contratación cerramiento,1-Jul,30-Aug,20,Completado
16,Puente Aranda,2.Cerramiento (50 mts),P08.2.A7,Ejecución cerramiento,1-Jul,30-Sep,40,Completado
16,Puente Aranda,2.Cerramiento (50 mts),P08.2.A8,Entrega cerramiento,15-Sep,15-Oct,40,
16,Puente Aranda,3. PAC,P08.3.A9,Actividades PAC Ago 2026,1-Aug,31-Aug,25,
16,Puente Aranda,3. PAC,P08.3.A10,Actividades PAC Sep 2026,1 seep,30-Sep,25,
16,Puente Aranda,3. PAC,P08.3.A11,Actividades PAC Oct 2026,1-Oct,31-Oct,25,
16,Puente Aranda,3. PAC,P08.3.A12,Actividades PAC Nov 2026,1-Nov,30-Nov,25,
16,Puente Aranda,4. Complementarios,P08.4.A13,Consecución recursos extensión cerramiento a 1km,1-Sep,31-Oct,25,En curso
16,Puente Aranda,4. Complementarios,P08.4.A14,Informe avances protocolo habitante calle,1-Sep,30-Nov,25,
16,Puente Aranda,4. Complementarios,P08.4.A15,P08.4-H1-A19. [P05.1] 5.1,1-Jun,10-Dec,25,
16,Puente Aranda,4. Complementarios,P08.4.A16,P08.4-H1-A20. [P05.1] 5.2,1-Jun,14-Dec,25,
18,Rafael Uribe Uribe,1. Intervención interinstitucional,P08.1.A1,Plan de trabajo,1-Sep,30-Sep,5,
18,Rafael Uribe Uribe,1. Intervención interinstitucional,P08.1.A2,Alumbrado,1-Oct,31-Oct,5,
18,Rafael Uribe Uribe,1. Intervención interinstitucional,P08.1.A3,Poda 1,1-Sep,30-Sep,3,
18,Rafael Uribe Uribe,1. Intervención interinstitucional,P08.1.A4,Poda 2,1-Oct,30-Oct,3,
18,Rafael Uribe Uribe,1. Intervención interinstitucional,P08.1.A5,Poda 3,1-Nov,30-Nov,3,
18,Rafael Uribe Uribe,1. Intervención interinstitucional,P08.1.A6,Intervención puntos críticos,1-Sep,31-Oct,6,
18,Rafael Uribe Uribe,1. Intervención interinstitucional,P08.1.A7,Convenio Aguas Bogotá,1-Sep,31-Oct,5,
18,Rafael Uribe Uribe,1. Intervención interinstitucional,P08.1.A8,Ambulancia de parques,1-Sep,31-Oct,5,
18,Rafael Uribe Uribe,1. Intervención interinstitucional,P08.1.A9,Cuidado cancha Sep (x8),1-Sep,30-Sep,4,
18,Rafael Uribe Uribe,1. Intervención interinstitucional,P08.1.A10,Cuidado cancha Oct (x8),1-Oct,30-Oct,4,
18,Rafael Uribe Uribe,1. Intervención interinstitucional,P08.1.A11,Cuidado cancha Nov (x8),1-Nov,30-Nov,4,
18,Rafael Uribe Uribe,1. Intervención interinstitucional,P08.1.A12,Van de acceso justicia Sep,1-Sep,30-Sep,3,
18,Rafael Uribe Uribe,1. Intervención interinstitucional,P08.1.A13,Van de acceso justicia Oct,1-Oct,30-Oct,3,
18,Rafael Uribe Uribe,1. Intervención interinstitucional,P08.1.A14,Van de acceso justicia Nov,1-Nov,30-Nov,3,
18,Rafael Uribe Uribe,1. Intervención interinstitucional,P08.1.A15,"Patrullaje mixto con registro y control, prevención SPA Oct",1-Sep,30-Sep,3,
18,Rafael Uribe Uribe,1. Intervención interinstitucional,P08.1.A16,"Patrullaje mixto con registro y control, prevención SPA  Nov",1-Oct,30-Oct,3,
18,Rafael Uribe Uribe,1. Intervención interinstitucional,P08.1.A17,"Patrullaje mixto con registro y control, prevención SPA  Dic",1-Nov,30-Nov,3,
18,Rafael Uribe Uribe,1. Intervención interinstitucional,P08.1.A18,Capacitación mujeres,1-Sep,30-Nov,5,
18,Rafael Uribe Uribe,1. Intervención interinstitucional,P08.1.A19,Limpieza sumideros,1-Sep,31-Oct,5,
18,Rafael Uribe Uribe,1. Intervención interinstitucional,P08.1.A20,Taller comunitario,1-Sep,30-Nov,5,
18,Rafael Uribe Uribe,1. Intervención interinstitucional,P08.1.A21,Arbolado,1-Oct,30-Oct,5,
18,Rafael Uribe Uribe,1. Intervención interinstitucional,P08.1.A22,Jardinería,1-Sep,30-Nov,5,
18,Rafael Uribe Uribe,1. Intervención interinstitucional,P08.1.A23,Clasificación del predio,1-Sep,15-Oct,5,
18,Rafael Uribe Uribe,1. Intervención interinstitucional,P08.1.A24,"Coordinación, intervención y seguimiento AL",1-Aug,31-Dec,5,
18,Rafael Uribe Uribe,2. Skate Park,P08.2.A25,Mesa trabajo para definir posibles intervenciones y torneo,1-Sep,30-Sep,10,
18,Rafael Uribe Uribe,2. Skate Park,P08.2.A26,Relanzamiento Skate Park,1-Oct,31-Oct,45,
18,Rafael Uribe Uribe,2. Skate Park,P08.2.A27,Torneo Skate Park,1-Nov,30-Nov,45,
19,Ciudad Bolívar,1. Estudios y diseños,P08.1.A1,Aprobación y viabilidad técnica del IDRD,15-Sep,15-Oct,40,
19,Ciudad Bolívar,1. Estudios y diseños,P08.1.A2,"Actualizar y/o ajustar los estudios y diseños elaborados en 2017, de ser necesario",15-Sep,31-Oct,30,
19,Ciudad Bolívar,1. Estudios y diseños,P08.1.A3,"Adelantar los trámites, permisos y autorizaciones requeridos para iniciar la ejecución de la obra.",15-Sep,31-Oct,30,
19,Ciudad Bolívar,2. Contratación,P08.2.A4,Gestionar recursos necesarios para financiar la construcción del parque.,15-Sep,15-Oct,30,
19,Ciudad Bolívar,2. Contratación,P08.2.A5,Realización comité de contratación obra e interventoría.,1-Oct,15-Oct,30,
19,Ciudad Bolívar,2. Contratación,P08.2.A6,Aprobación Asistencia Técnica,1-Oct,31-Oct,10,
19,Ciudad Bolívar,2. Contratación,P08.2.A7,Expedición CRP obra e interventoría.,1-Dec,31-Dec,30,
19,Ciudad Bolívar,3. Ejecución obra,P08.3.A8,Acta de inicio de la obra.,1-Jan,30-Jan,5,
19,Ciudad Bolívar,3. Ejecución obra,P08.3.A9,Apropiación de estudios y diseños por parte del contratista.,1-Feb,28-Feb,5,
19,Ciudad Bolívar,3. Ejecución obra,P08.3.A10,Ejecución 25%,1-Mar,31-Mar,20,
19,Ciudad Bolívar,3. Ejecución obra,P08.3.A11,Ejecución 50%,1-Apr,30-Apr,20,
19,Ciudad Bolívar,3. Ejecución obra,P08.3.A12,Ejecución 75%,1-May,31-May,20,
19,Ciudad Bolívar,3. Ejecución obra,P08.3.A13,Entrega obra,1-Jun,30-Jun,20,
19,Ciudad Bolívar,3. Ejecución obra,P08.3.A14,Inauguración parque,1-Jul,15-Jul,10,
20,Sumapaz,[P05.1] Preliminares,[P05.1] 1.1,Mesa de trabajo sobre el estado del PMA actual.,1-Jul,15-Jul,8,Completado
20,Sumapaz,[P05.1] Preliminares,[P05.1] 1.2,Registro fotográfico y fílmico para solicitud de concepto técnico,1-Jul,22-Jul,8,Completado
20,Sumapaz,[P05.1] Preliminares,[P05.1] 1.3,Análisis de favorabilidad ambiental del uso de este material,1-Jul,22-Jul,8,Completado
20,Sumapaz,[P05.1] Preliminares,[P05.1] 1.4,Análisis financiero del mantenimiento actual,1-Jul,22-Jul,8,Completado
20,Sumapaz,[P05.1] Preliminares,[P05.1] 1.5,Análisis de impacto social de situación actual vs,1-Jul,22-Jul,8,Completado
20,Sumapaz,[P05.1] Preliminares,[P05.1] 1.6,Documento borrador de solicitud de concepto técnico.,1-Jul,22-Jul,20,Completado
20,Sumapaz,[P05.1] Preliminares,[P05.1] 2.1,Mesa de trabajo para solicitar concepto técnico ANLA.,1-Jul,23-Jul,20,Completado
20,Sumapaz,[P05.1] Preliminares,[P05.1] 2.2,Ajustes al documento de solicitud,1-Jul,15-Aug,20,Completado
20,Sumapaz,2. Preparación interna del PMA,P08.2.A9,"Clasificación observaciones técnicas, sociales y ambientales",15-Aug,31-Aug,10,
20,Sumapaz,2. Preparación interna del PMA,P08.2.A10,Abordaje observaciones por parte de los equipos de la AL,15-Aug,30-Sep,40,
20,Sumapaz,2. Preparación interna del PMA,P08.2.A11,Solución observaciones por parte del Idu,15-Aug,30-Sep,30,
20,Sumapaz,2. Preparación interna del PMA,P08.2.A12,Determinación y definición de observaciones que necesitan terceros,15-Aug,15-Sep,20,
20,Sumapaz,3. Solicitud actualización PMA,P08.3.A13,Preradicación para definir actualización o modificación,15-Oct,31-Oct,30,
20,Sumapaz,3. Solicitud actualización PMA,P08.3.A14,Radicación final,15-Nov,30-Nov,30,
20,Sumapaz,3. Solicitud actualización PMA,P08.3.A15,P08.2-H1-A12. [P05.2] 2.3 Aprobacion soliciutd,15-Nov,31-Jan,40,