1,Usaquén,1. Organización operadores económicos informales,P08.1.A1,Solicitud formal del estudio de cargas,2026-09-01,2026-09-30,5,
1,Usaquén,1. Organización operadores económicos informales,P08.1.A2,Entrega del estudio de cargas,2026-09-15,2026-10-31,15,
1,Usaquén,1. Organización operadores económicos informales,P08.1.A3,Mesa de concertación con operadores económicos informales.,2026-09-01,2026-10-15,5,
1,Usaquén,1. Organización operadores económicos informales,P08.1.A4,Definición de los términos de los contratos de aprovechamiento.,2026-10-01,2026-10-31,10,
1,Usaquén,1. Organización operadores económicos informales,P08.1.A5,Suscripción de por lo menos 20 contratos de aprovechamiento.,2026-10-15,2026-11-15,25,
1,Usaquén,1. Organización operadores económicos informales,P08.1.A6,Evaluar conveniencia de definir un mobilidario especial,2026-09-15,2026-10-15,5,
1,Usaquén,1. Organización operadores económicos informales,P08.1.A7,Adquisición del mobiliario.,2026-10-15,2026-11-15,15,
1,Usaquén,1. Organización operadores económicos informales,P08.1.A8,Entrega mobiliario,2026-11-15,2026-11-30,20,
1,Usaquén,2. Embellecimiento,P08.2.A9,Mesa de concertación con dueños de predios a intervenir,2026-09-01,2026-09-30,5,
1,Usaquén,2. Embellecimiento,P08.2.A10,Definición de intervención estética en las fachadas: marca,2026-09-15,2026-10-15,10,
1,Usaquén,2. Embellecimiento,P08.2.A11,"Contratación, si necesario, de obras de ornato para fachadas.",2026-10-01,2026-10-31,10,
1,Usaquén,2. Embellecimiento,P08.2.A12,Entrega fachadas,2026-11-01,2026-11-30,35,
1,Usaquén,2. Embellecimiento,P08.2.A13,Mesa evaluación posibles intervenciones a la fuente,2026-09-01,2026-09-30,5,
1,Usaquén,2. Embellecimiento,P08.2.A14,Definición de intervención estética a la fuente,2026-09-15,2026-10-15,10,
1,Usaquén,2. Embellecimiento,P08.2.A15,"Contratación, si necesario, de obras de mejora de la fuente.",2026-10-01,2026-10-31,10,
1,Usaquén,2. Embellecimiento,P08.2.A16,Entrega fuente,2026-11-01,2026-11-30,15,
2,Chapinero,1. [P05.1] Articulación del proceso de legalización,[P05.1] 1.1,Visita técnica al barrio,2025-01-01,2025-07-31,2,Completado
2,Chapinero,1. [P05.1] Articulación del proceso de legalización,[P05.1] 1.2,Convocatoria comunitaria,2025-01-01,2025-07-31,2,Completado
2,Chapinero,1. [P05.1] Articulación del proceso de legalización,[P05.1] 1.3,Taller informativo 1: socialización,2025-01-01,2025-07-31,2,Completado
2,Chapinero,1. [P05.1] Articulación del proceso de legalización,[P05.1] 1.4,Levantamiento topográfico,2025-01-01,2025-07-31,2,Completado
2,Chapinero,1. [P05.1] Articulación del proceso de legalización,[P05.1] 1.5,"Taller informativo 2: recolección docs, y firmas del 51% de la comunidad",2025-01-01,2025-07-31,2,Completado
2,Chapinero,1. [P05.1] Articulación del proceso de legalización,[P05.1] 2.1,Mesa Aprobación cartográfica: SDP revisa y aprueba el plano,2025-01-01,2025-07-31,3,Completado
2,Chapinero,1. [P05.1] Articulación del proceso de legalización,[P05.1] 2.2,Diagnóstico jurídico Catastral: id de propieratios,2025-01-01,2025-07-31,2,Completado
2,Chapinero,1. [P05.1] Articulación del proceso de legalización,[P05.1] 2.3,Solicitud de conceptos técnico IDIGER,2025-07-01,2025-08-31,10,Completado
2,Chapinero,1. [P05.1] Articulación del proceso de legalización,[P05.1] 2.4,Solicitud de conceptos técnico EAAB,2025-07-01,2025-08-31,5,Completado
2,Chapinero,1. [P05.1] Articulación del proceso de legalización,[P05.1] 2.5,Solicitud de conceptos técnico SDA,2025-07-01,2025-08-31,5,Completado
2,Chapinero,1. [P05.1] Articulación del proceso de legalización,[P05.1] 2.6,Salidas cartográficas (para complementar expediente),2025-07-01,2025-08-31,10,Completado
2,Chapinero,1. [P05.1] Articulación del proceso de legalización,[P05.1] 2.7,Informe ejecutivo,2025-07-01,2025-09-30,15,Completado
2,Chapinero,1. [P05.1] Articulación del proceso de legalización,[P05.1] 2.8,Revisión del expediente,2025-07-01,2025-10-31,15,Completado
2,Chapinero,1. [P05.1] Articulación del proceso de legalización,[P05.1] 2.9,Presentación de solicitud ante Planeación,2025-07-01,2025-12-31,25,Completado
2,Chapinero,2. Seguimiento en campo a legalización,P08.2.A25,Actualización visitas de campo efectuadas hasta agosto para control de construcciones y promoción del espacio público y los requisitos de la legalización.,2026-06-01,2026-08-30,20,
2,Chapinero,2. Seguimiento en campo a legalización,P08.2.A26,Cuatro visitas de campo para control de construcciones y promoción del espacio público y los requisitos de la legalización.,2026-08-15,2026-09-15,20,
2,Chapinero,2. Seguimiento en campo a legalización,P08.2.A27,Cuatro visitas de campo para control de construcciones y promoción del espacio público y los requisitos de la legalización.,2026-09-15,2026-10-15,20,
2,Chapinero,2. Seguimiento en campo a legalización,P08.2.A28,Cuatro visitas de campo para control de construcciones y promoción del espacio público y los requisitos de la legalización.,2026-10-15,2026-11-15,20,
2,Chapinero,2. Seguimiento en campo a legalización,P08.2.A29,Cuatro visitas de campo para control de construcciones y promoción del espacio público y los requisitos de la legalización.,2026-11-15,2026-12-15,20,
2,Chapinero,3. [P05.3] Actividades complementarias,[P05.3] 1.1,Visita 1,2025-07-01,2025-07-31,15,Completado
2,Chapinero,3. [P05.3] Actividades complementarias,[P05.3] 1.2,Visita 2,2025-07-01,2025-09-30,25,Completado
2,Chapinero,3. [P05.3] Actividades complementarias,[P05.3] 1.3,Acercamiento a EAAB,2025-07-01,2025-09-30,15,Completado
2,Chapinero,3. [P05.3] Actividades complementarias,[P05.3] 1.4,Acercamiento a Transmilenio,2025-07-01,2026-03-15,15,Completado
2,Chapinero,3. [P05.3] Actividades complementarias,[P05.3] 1.5,Acermaniento IDRD,2025-07-01,2026-03-15,15,Completado
2,Chapinero,3. [P05.3] Actividades complementarias,[P05.3] 1.6,Acercamiento Cultura,2025-07-01,2025-11-30,15,Completado
2,Chapinero,4. [P05.2] Nueva solicitud de Legalización ,P08.1-H1-A15. [P05.2]1.1,Reunión de evaluación de razones de devolución,2026-03-01,2026-03-15,10,Completado
2,Chapinero,4. [P05.2] Nueva solicitud de Legalización ,P08.1-H1-A16. [P05.2]1.2,Preparación de un nuevo dossier para la solicitud,2026-03-01,2026-03-31,10,Completado
2,Chapinero,4. [P05.2] Nueva solicitud de Legalización ,P08.1-H1-A17. [P05.2]1.3,Presentaciión ante planeación,2026-04-01,2026-04-15,30,Completado
2,Chapinero,4. [P05.2] Nueva solicitud de Legalización ,P08.4.A18,P08.1-H1-A18. [P05.2]1.4 Aprobación de la solicitud por parte de planeación,2026-05-15,2026-11-30,50,
3,Santa Fe,P08.1. Calle 13 Calle 16 [Tramo Santander],P08.1-H1-A01,Acciones de registro y control de Estacion de Policia,2026-04-01,2026-04-30,5,Completado
3,Santa Fe,P08.1. Calle 13 Calle 16 [Tramo Santander],P08.1-H1-A02,Acciones de registro y control de Estacion de Policia,2026-05-01,2026-05-31,5,Completado
3,Santa Fe,P08.1. Calle 13 Calle 16 [Tramo Santander],P08.1-H1-A03,Acciones de registro y control de Estacion de Policia,2026-06-01,2026-06-30,5,Completado
3,Santa Fe,P08.1. Calle 13 Calle 16 [Tramo Santander],P08.1-H1-A04,Acciones de registro y control de Estacion de Policia,2026-07-01,2026-07-31,5,Completado
3,Santa Fe,P08.1. Calle 13 Calle 16 [Tramo Santander],P08.1-H1-A05,Acciones de registro y control de Estacion de Policia,2026-08-01,2026-08-31,5,Completado
3,Santa Fe,P08.1. Calle 13 Calle 16 [Tramo Santander],P08.1-H2-A06,Acciones de sensibilizacion sostenibilidad y contención vendedores,2026-04-01,2026-04-30,6,Completado
3,Santa Fe,P08.1. Calle 13 Calle 16 [Tramo Santander],P08.1-H2-A07,Acciones de sensibilizacion sostenibilidad y contención vendedores,2026-05-01,2026-05-31,6,Completado
3,Santa Fe,P08.1. Calle 13 Calle 16 [Tramo Santander],P08.1-H2-A08,Acciones de sensibilizacion sostenibilidad y contención vendedores,2026-06-01,2026-06-30,6,Completado
3,Santa Fe,P08.1. Calle 13 Calle 16 [Tramo Santander],P08.1-H2-A09,Acciones de sensibilizacion sostenibilidad y contención vendedores,2026-07-01,2026-07-31,6,Completado
3,Santa Fe,P08.1. Calle 13 Calle 16 [Tramo Santander],P08.1-H3-A10,Intervención pedagógica e IVC por extensión comercial,2026-04-01,2026-06-15,7,Completado
3,Santa Fe,P08.1. Calle 13 Calle 16 [Tramo Santander],P08.1-H3-A11,Revisar rejillas faltantes y gesionar su reposición,2026-04-01,2026-06-15,7,En curso
3,Santa Fe,P08.1. Calle 13 Calle 16 [Tramo Santander],P08.1-H3-A12,Podas y jardinería,2026-05-01,2026-05-31,7,Completado
3,Santa Fe,P08.1. Calle 13 Calle 16 [Tramo Santander],P08.1-H4-A13,Estudio de cargas del tramo,2026-06-01,2026-08-31,15,No iniciado
3,Santa Fe,P08.1. Calle 13 Calle 16 [Tramo Santander],P08.1-H4-A14,Caracterización vendedores informales,2026-06-01,2026-08-31,15,No iniciado
3,Santa Fe,P08.2. Calle 16 Calle 19 [Tramo Las Nieves],P08.2-H1-A15,Acciones de registro y control de Estacion de Policia,2026-04-01,2026-04-30,5,Completado
3,Santa Fe,P08.2. Calle 16 Calle 19 [Tramo Las Nieves],P08.2-H1-A16,Acciones de registro y control de Estacion de Policia,2026-05-01,2026-05-31,5,Completado
3,Santa Fe,P08.2. Calle 16 Calle 19 [Tramo Las Nieves],P08.2-H1-A17,Acciones de registro y control de Estacion de Policia,2026-06-01,2026-06-30,5,Completado
3,Santa Fe,P08.2. Calle 16 Calle 19 [Tramo Las Nieves],P08.2-H1-A18,Acciones de registro y control de Estacion de Policia,2026-07-01,2026-07-31,5,Completado
3,Santa Fe,P08.2. Calle 16 Calle 19 [Tramo Las Nieves],P08.2-H1-A19,Acciones de registro y control de Estacion de Policia,2026-08-01,2026-08-31,5,Completado
3,Santa Fe,P08.2. Calle 16 Calle 19 [Tramo Las Nieves],P08.2-H2-A20,Acciones de sensibilizacion sostenibilidad y contención vendedores,2026-04-01,2026-04-30,6,Completado
3,Santa Fe,P08.2. Calle 16 Calle 19 [Tramo Las Nieves],P08.2-H2-A21,Acciones de sensibilizacion sostenibilidad y contención vendedores,2026-05-01,2026-05-31,6,Completado
3,Santa Fe,P08.2. Calle 16 Calle 19 [Tramo Las Nieves],P08.2-H2-A22,Acciones de sensibilizacion sostenibilidad y contención vendedores,2026-06-01,2026-06-30,6,Completado
3,Santa Fe,P08.2. Calle 16 Calle 19 [Tramo Las Nieves],P08.2-H2-A23,Acciones de sensibilizacion sostenibilidad y contención vendedores,2026-07-01,2026-07-31,6,Completado
3,Santa Fe,P08.2. Calle 16 Calle 19 [Tramo Las Nieves],P08.2-H3-A24,Intervención pedagógica e IVC por extensión comercial,2026-04-01,2026-06-15,10,Completado
3,Santa Fe,P08.2. Calle 16 Calle 19 [Tramo Las Nieves],P08.2-H3-A25,Revisar rejillas faltantes y gesionar su reposición,2026-04-01,2026-06-15,11,En curso
3,Santa Fe,P08.2. Calle 16 Calle 19 [Tramo Las Nieves],P08.2-H4-A26,Estudio de cargas del tramo,2026-06-01,2026-08-31,15,No iniciado
3,Santa Fe,P08.2. Calle 16 Calle 19 [Tramo Las Nieves],P08.2-H4-A27,Caracterización vendedores informales,2026-06-01,2026-08-31,15,No iniciado
3,Santa Fe,P08.4. Calle 24 Calle 26 [Tramo Colpatria],P08.4-H1-A42,Acciones de registro y control de Estacion de Policia,2026-04-01,2026-04-30,8,Completado
3,Santa Fe,P08.4. Calle 24 Calle 26 [Tramo Colpatria],P08.4-H1-A43,Acciones de registro y control de Estacion de Policia,2026-05-01,2026-05-31,8,Completado
3,Santa Fe,P08.4. Calle 24 Calle 26 [Tramo Colpatria],P08.4-H1-A44,Acciones de registro y control de Estacion de Policia,2026-06-01,2026-06-30,8,Completado
3,Santa Fe,P08.4. Calle 24 Calle 26 [Tramo Colpatria],P08.4-H1-A45,Acciones de registro y control de Estacion de Policia,2026-07-01,2026-07-31,8,Completado
3,Santa Fe,P08.4. Calle 24 Calle 26 [Tramo Colpatria],P08.4-H1-A46,Acciones de registro y control de Estacion de Policia,2026-08-01,2026-08-31,8,Completado
3,Santa Fe,P08.4. Calle 24 Calle 26 [Tramo Colpatria],P08.4-H2-A47,Acciones de sensibilizacion sostenibilidad y contención vendedores,2026-04-01,2026-06-15,10,Completado
3,Santa Fe,P08.4. Calle 24 Calle 26 [Tramo Colpatria],P08.4-H1-A48,Intervención pedagógica e IVC por extensión comercial,2026-04-01,2026-06-15,10,Completado
3,Santa Fe,P08.4. Calle 24 Calle 26 [Tramo Colpatria],P08.4-H1-A49,Revisar rejillas faltantes y gesionar su reposición,2026-04-01,2026-06-15,10,En curso
3,Santa Fe,P08.4. Calle 24 Calle 26 [Tramo Colpatria],P08.4-H4-A50,Estudio de cargas del tramo,2026-06-01,2026-08-31,15,No iniciado
3,Santa Fe,P08.4. Calle 24 Calle 26 [Tramo Colpatria],P08.4-H4-A51,Caracterización vendedores informales,2026-06-01,2026-08-31,15,No iniciado
6,Tunjuelito,1. Carrera 13F,P08.1.A1,Jornada de recolección,2026-06-01,2026-09-15,10,
6,Tunjuelito,1. Carrera 13F,P08.1.A2,Recuperación andenes (gradas),2026-06-01,2026-09-15,10,
6,Tunjuelito,1. Carrera 13F,P08.1.A3,Mural con identidad local,2026-09-01,2026-10-15,20,
6,Tunjuelito,1. Carrera 13F,P08.1.A4,Participar en la inauguración Centro Habitante Calle,2026-09-01,2026-11-15,10,
6,Tunjuelito,1. Carrera 13F,P08.1.A5,Paradero SITP,2026-09-01,2026-11-15,20,
6,Tunjuelito,1. Carrera 13F,P08.1.A6,Urbanísmo táctico 1,2026-09-01,2026-10-15,15,
6,Tunjuelito,1. Carrera 13F,P08.1.A7,Urbanísmo táctico 2,2026-09-01,2026-11-15,15,
6,Tunjuelito,2. Parque de la Virgen,P08.2.A8,Jornada de recolección,2026-07-01,2026-09-15,20,
6,Tunjuelito,2. Parque de la Virgen,P08.2.A9,Recuperación parque,2026-09-01,2026-10-30,40,
6,Tunjuelito,2. Parque de la Virgen,P08.2.A10,Nivelación vía,2026-09-01,2026-10-30,20,
6,Tunjuelito,2. Parque de la Virgen,P08.2.A11,Urbanísmo táctico,2026-09-01,2026-10-30,20,
7,Bosa,1. Seguimiento a avances Esapetrol,P08.1.A1,Actos preparatorios períodos anteriores,2024-10-15,2025-08-15,20,
7,Bosa,1. Seguimiento a avances Esapetrol,P08.1.A2,Aprobación de la solicitud por parte de planeación,2025-10-31,2026-01-29,20,
7,Bosa,1. Seguimiento a avances Esapetrol,P08.1.A3,Presentación solicitud,2025-12-16,2026-12-07,30,
7,Bosa,1. Seguimiento a avances Esapetrol,P08.1.A4,Presentación de informes,2025-12-16,2027-01-03,30,
7,Bosa,2. Coordinación Interinstitucional,P08.2.A5,Mesa de trabajo con SDA.,2026-09-15,2026-10-15,20,
7,Bosa,2. Coordinación Interinstitucional,P08.2.A6,Establecimiento de riesgo ambiental actual de operación de Esapetrol.,2026-10-01,2026-10-31,20,
7,Bosa,2. Coordinación Interinstitucional,P08.2.A7,Establecimiento de riesgo ambiental por traslado a Fontibón.,2026-10-01,2026-10-31,20,
7,Bosa,2. Coordinación Interinstitucional,P08.2.A8,Determinación del plan de trabajo de la SDA para evitar impacto ambiental,2026-10-01,2026-11-15,20,
7,Bosa,2. Coordinación Interinstitucional,P08.2.A9,Participación en sesión Jal,2026-10-01,2026-10-31,20,
8,Kennedy,1. [P05.1] Alistamiento,[P05.1] 1.1,Sistematización de referentes,2025-07-21,2025-08-30,20,Completado
8,Kennedy,1. [P05.1] Alistamiento,[P05.1] 1.2,Realización de talleres con comunidad para priorización de servicios culturales,2025-07-21,2025-09-15,20,Completado
8,Kennedy,1. [P05.1] Alistamiento,[P05.1] 1.3,Formulación del documento técnico de alcance enfoque y usos del proyecto,2025-08-01,2025-09-30,10,Completado
8,Kennedy,1. [P05.1] Alistamiento,[P05.1] 2.1,Envío de documentación requerida para el comodato del predio al DADEP 1,2025-07-21,2025-08-30,10,Completado
8,Kennedy,1. [P05.1] Alistamiento,P08.1-H2-A05,Envío de documentación requerida para el comodato del predio al DADEP 2,2025-08-15,2026-03-31,20,Completado
8,Kennedy,1. [P05.1] Alistamiento,[P05.1] 2.3,Firma del comodato con DADEP,2025-08-15,2025-09-30,20,Completado
8,Kennedy,2. [P05.2]Recursos,P08.2.A7,Mesa interna ALK,2026-08-15,2026-09-30,20,
8,Kennedy,2. [P05.2]Recursos,P08.2.A8,Mesa externa,2026-08-15,2026-10-31,80,
8,Kennedy,3. [P05.3]Consultoria Estudios y Disenos,[P05.1] 3.1,Elaboración de estudios previos y pliegos tipo para la consultoría,2025-08-25,2025-09-30,5,Completado
8,Kennedy,3. [P05.3]Consultoria Estudios y Disenos,[P05.1] 3.2,Aprobación presupuestal y publicación del proceso,2025-09-30,2025-10-20,5,Completado
8,Kennedy,3. [P05.3]Consultoria Estudios y Disenos,[P05.1] 3.3,Proceso de evaluación y adjudicación del contrato de estudios y diseños,2025-10-20,2025-11-30,5,Completado
8,Kennedy,3. [P05.3]Consultoria Estudios y Disenos,P08.3.A12,Entrega #1,2026-07-28,2026-10-01,20,
8,Kennedy,3. [P05.3]Consultoria Estudios y Disenos,P08.3.A13,Entrega #2,2026-09-25,2026-11-05,20,
8,Kennedy,3. [P05.3]Consultoria Estudios y Disenos,P08.3.A14,Entrega #3,2026-10-30,2026-12-10,20,
8,Kennedy,3. [P05.3]Consultoria Estudios y Disenos,P08.3.A15,Entrega #4,2026-12-04,2027-01-12,20,
8,Kennedy,3. [P05.3]Consultoria Estudios y Disenos,P08.3.A16,Curaduría,2026-10-27,2026-10-27,1,
8,Kennedy,3. [P05.3]Consultoria Estudios y Disenos,P08.3.A17,ETB,2026-11-10,2026-11-10,1,
8,Kennedy,3. [P05.3]Consultoria Estudios y Disenos,P08.3.A18,EAAB,2026-11-24,2026-11-24,1,
8,Kennedy,3. [P05.3]Consultoria Estudios y Disenos,P08.3.A19,Jardín Botánico WR,2026-10-22,2026-10-22,1,
8,Kennedy,3. [P05.3]Consultoria Estudios y Disenos,P08.3.A20,Enel UAESP SDA IDRD,2026-12-03,2026-12-03,1,
9,Fontibón,1. [P05.1] Organización   de vendedores informales y seguimiento.,[P05.1] 1.1,Oficiar Ipes autorización espacios,2025-07-01,2025-07-15,5,Completado
9,Fontibón,1. [P05.1] Organización   de vendedores informales y seguimiento.,[P05.1] 1.2,Socialización protocolos del Ipes,2025-07-01,2025-07-15,5,Completado
9,Fontibón,1. [P05.1] Organización   de vendedores informales y seguimiento.,[P05.1] 1.3,Solicitar la intervención del Gabinete Local para decisión del Ipes,2025-08-01,2025-08-10,5,Completado
9,Fontibón,1. [P05.1] Organización   de vendedores informales y seguimiento.,P08.1-H1-A04,Ipes autoriza espacios para organizar vendedores informales.,2025-08-01,2026-05-15,20,Completado
9,Fontibón,1. [P05.1] Organización   de vendedores informales y seguimiento.,P08.1-H2-A05,Campañas de sensibilización,2026-04-01,2026-04-30,20,Completado
9,Fontibón,1. [P05.1] Organización   de vendedores informales y seguimiento.,P08.1-H2-A06,Definición espacios para reubicación,2026-03-01,2026-03-15,15,Completado
9,Fontibón,1. [P05.1] Organización   de vendedores informales y seguimiento.,P08.1-H2-A07,Definición listado reubicados,2026-03-02,2026-03-30,15,Completado
9,Fontibón,1. [P05.1] Organización   de vendedores informales y seguimiento.,P08.1-H2-A08,Plan de reubicación,2026-04-01,2026-05-15,15,Completado
9,Fontibón,2. [P05.2] Actividades complementarias,[P05.2] 1.1,Operativo de comparendo por extensión de actividad económica. 1,2025-08-01,2025-08-31,25,Completado
9,Fontibón,2. [P05.2] Actividades complementarias,P08.2-H1-A11,Operativo de comparendo por extensión de actividad económica. 2,2025-09-01,2026-03-15,25,Completado
9,Fontibón,2. [P05.2] Actividades complementarias,P08.2-H1-A12,Operativo de comparendo por extensión de actividad económica. 3,2025-10-01,2026-04-30,25,Completado
9,Fontibón,2. [P05.2] Actividades complementarias,P08.2-H1-A13,Operativo de comparendo por extensión de actividad económica. 4,2025-11-01,2026-05-15,25,No iniciado
9,Fontibón,3. Reubicación Plaza,P08.3.A14,Ferias serivios (x2),2026-06-16,2026-08-31,10,
9,Fontibón,3. Reubicación Plaza,P08.3.A15,Arreglo estructura Plaza,2026-06-01,2026-08-31,10,
9,Fontibón,3. Reubicación Plaza,P08.3.A16,Sensibilización,2026-08-01,2026-09-15,5,
9,Fontibón,3. Reubicación Plaza,P08.3.A17,Mesa con líder cdel Consejo Local de vendedores,2026-08-15,2026-08-31,5,
9,Fontibón,3. Reubicación Plaza,P08.3.A18,Recorrido,2026-08-15,2026-09-15,5,
9,Fontibón,3. Reubicación Plaza,P08.3.A19,Reubicación,2026-09-01,2026-09-30,40,
9,Fontibón,3. Reubicación Plaza,P08.3.A20,Compra de insumos,2026-09-20,2026-10-31,25,
9,Fontibón,4. Reubicación Parque,P08.4.A21,Informe de cargas,2026-08-01,2026-09-15,10,
9,Fontibón,4. Reubicación Parque,P08.4.A22,Preparación proyecto de viabilidad,2026-08-15,2026-09-30,15,
9,Fontibón,4. Reubicación Parque,P08.4.A23,Aprobación proyecto de viabilidad,2026-09-30,2026-10-15,10,
9,Fontibón,4. Reubicación Parque,P08.4.A24,Compra de mobiliario,2026-09-01,2026-10-15,10,
9,Fontibón,4. Reubicación Parque,P08.4.A25,Acuerdos temporales,2026-10-01,2026-10-31,15,
9,Fontibón,4. Reubicación Parque,P08.4.A26,Reubicación,2026-11-01,2026-11-15,40,
9,Fontibón,5. IVC,P08.5.A27,Operativos vendedores nuevos Parque 1,2026-09-01,2026-09-30,20,
9,Fontibón,5. IVC,P08.5.A28,Operativos vendedores nuevos Parque 2,2026-10-01,2026-10-31,20,
9,Fontibón,5. IVC,P08.5.A29,Operativos vendedores nuevos Parque 3,2026-11-01,2026-11-30,20,
9,Fontibón,5. IVC,P08.5.A30,Jornada IVC Plaza 1,2026-10-01,2026-10-31,20,
9,Fontibón,5. IVC,P08.5.A31,Jornada IVC Plaza 2,2026-11-01,2026-11-30,20,
10,Engativá,1. [P08.1] Actividades de preparación,[P05.1] 1.1,Evalución preliminar sobre requerimientos,2025-07-15,2025-08-10,5,Completado
10,Engativá,1. [P08.1] Actividades de preparación,[P05.1] 1.2,Planteamiento de la estrategia,2025-07-15,2025-08-10,10,Completado
10,Engativá,1. [P08.1] Actividades de preparación,[P05.1] 1.3,Instalación de Mesa de Amigos del Puente,2026-08-10,2025-08-15,5,Completado
10,Engativá,1. [P08.1] Actividades de preparación,P08.1-H1-A04,Estudios,2025-08-01,2026-03-31,80,En curso
10,Engativá,2. Preparación contratación,P08.2.A5,Mesa con la CAR,2026-08-31,2026-08-31,5,
10,Engativá,2. Preparación contratación,P08.2.A6,Permiso de Ocupación de Cauce,2026-11-15,2026-10-15,30,
10,Engativá,2. Preparación contratación,P08.2.A7,Estudios de costos y administración complementarios,2026-09-15,2026-09-15,25,
10,Engativá,2. Preparación contratación,P08.2.A8,Formulación interventoría,2026-10-31,2026-09-30,20,
10,Engativá,2. Preparación contratación,P08.2.A9,Preparación documentación para Asistencia Técnica,2026-11-10,2026-09-30,20,
10,Engativá,3. Cierre financiero,P08.3.A10,Mesa interna de financiación,2026-09-15,2026-09-15,15,
10,Engativá,3. Cierre financiero,P08.3.A11,Mesa Idiger,2026-09-15,2026-09-15,15,
10,Engativá,3. Cierre financiero,P08.3.A12,Mesa externa de financiación,2026-09-15,2026-09-15,15,
10,Engativá,3. Cierre financiero,P08.3.A13,Aseguramiento de la financiación,2026-09-30,2026-09-30,55,
10,Engativá,4. Contratación,P08.4.A14,Publicación contratación obras,2026-11-10,2026-10-15,25,
10,Engativá,4. Contratación,P08.4.A15,Publicación contratación Interventoría,2026-11-10,2026-10-15,20,
10,Engativá,4. Contratación,P08.4.A16,Publicación compra puente,2026-12-31,2026-10-15,25,
10,Engativá,4. Contratación,P08.4.A17,Adjudicación obra,2026-12-31,2026-12-15,10,
10,Engativá,4. Contratación,P08.4.A18,Adjudicación interventoría,2026-12-31,2026-12-15,10,
10,Engativá,4. Contratación,P08.4.A19,Compra del puente,2026-12-31,2026-12-15,10,
10,Engativá,5. Ejecución obra,P08.5.A20,Ejecución 25% obra,2027-01-01,2027-03-31,25,
10,Engativá,5. Ejecución obra,P08.5.A21,Ejecución 50% obra,2027-04-01,2027-04-30,25,
10,Engativá,5. Ejecución obra,P08.5.A22,Ejecución 75% obra,2027-05-01,2027-05-31,25,
10,Engativá,5. Ejecución obra,P08.5.A23,Entrega obra con puente instalado,2027-06-01,2027-06-30,25,
10,Engativá,6. Obras complementarias,P08.6.A24,Carretera que conecta puente con parqueadero parque,2027-06-01,2027-06-30,100,
13,Teusaquillo,P1. Diagnóstico y estructuración técnica del proyecto,[P05.1] 1.1,Definición de la situación actual del edificio y sus necesidades,2025-01-01,2025-08-15,50,Completado
13,Teusaquillo,P1. Diagnóstico y estructuración técnica del proyecto,[P05.1] 1.2,Revisión antecedentes documentales,2025-02-01,2025-08-15,50,Completado
13,Teusaquillo,P2.Estructuración y gestión del proceso de contratación,P2.H1.A3,Determinación de la ruta de contratación fruto del resultado de las necesidades a contratar,2025-03-01,2025-12-31,10,Completado
13,Teusaquillo,P2.Estructuración y gestión del proceso de contratación,[P05.2] 2.1,Ruta estructuración proceso de consultoria,2025-03-27,2025-04-28,10,Completado
13,Teusaquillo,P2.Estructuración y gestión del proceso de contratación,[P05.2] 2.4,Definición cronograma para la adjudicación,2025-04-28,2025-05-05,10,Completado
13,Teusaquillo,P2.Estructuración y gestión del proceso de contratación,[P05.2] 2.5,Gestión de recursos: Trámite de liberación de recursos y/o excedentes,2025-04-24,2025-08-15,20,Completado
13,Teusaquillo,P2.Estructuración y gestión del proceso de contratación,[P05.2] 2.5,Radicación y sesiones JAL,2025-07-10,2025-07-28,10,Completado
13,Teusaquillo,P2.Estructuración y gestión del proceso de contratación,[P05.2] 2.3,Trámite administrativo incorporación excedentes financieros,2025-08-04,2025-08-21,10,Completado
13,Teusaquillo,P2.Estructuración y gestión del proceso de contratación,H2 2.7,Asistencia técnica,2025-08-25,2025-09-05,10,Completado
13,Teusaquillo,P2.Estructuración y gestión del proceso de contratación,[P05.2] 2.2,Publicación proceso de selección en la plataforma SECOP II y firma de contratos,2025-09-10,2025-09-17,10,Completado
13,Teusaquillo,P2.Estructuración y gestión del proceso de contratación,[P05.3] 3.4,Nueva Publicación proceso de selección Consultoria,2025-09-08,2025-11-10,10,Completado
13,Teusaquillo,P3.Implementación,P08.3-H1-A12,Modificación (Adición y prorroga primera dupla),2026-02-13,2026-03-13,15,Completado
13,Teusaquillo,P3.Implementación,P08.3-H1-A13,Seguimiento a la ejecución contractual incluida la adicion y prorroga,2025-11-24,2026-09-15,25,En curso
13,Teusaquillo,P3.Implementación,P08.3-H1-A14,Cierre de consultoria y obtención de licencia,2025-11-24,2026-09-15,10,En curso
13,Teusaquillo,P3.Implementación,P08.3-H2-A15,Formulación precontractual para la contrucción,2026-05-04,2026-07-20,15,Completado
13,Teusaquillo,P3.Implementación,P08.3-H2-A16,Consecucion de recursos para finalizarla obra,2026-05-04,2026-09-15,20,En curso
13,Teusaquillo,P3.Implementación,P08.3-H2-A17,Publicación proceso y selección contratista de obra e interventoria,2026-08-07,2026-10-07,15,
13,Teusaquillo,P4 .Culminación ,P08.4-H1-A18,Suscipcion del contrato (segunda dupla),2026-10-07,2026-10-07,35,
13,Teusaquillo,P4 .Culminación ,P08.4-H1-A19,Suscripcion acta de inicio ,2026-10-14,2026-10-14,25,
13,Teusaquillo,P4 .Culminación ,P08.4-H1-A20,Terminación de la construcción Nueva sede,2026-10-14,2027-10-14,40,
14,Los Mártires,[P05.1] Apropiación presupuestal,[P05.1] 1.1,Tramite de aprobación de Excedentes financieros.,2025-07-21,2025-08-15,50,Completado
14,Los Mártires,[P05.1] Apropiación presupuestal,[P05.1] 1.2,Expedición del acto administrativo de la apropiación del Presupuesto,2025-08-08,2025-08-15,50,Completado
14,Los Mártires,[P05.2] Etapa precontractual,[P05.2] 2.1,Cierre carpeta docuemental de la etapa precontractual.,2025-07-28,2025-08-15,20,Completado
14,Los Mártires,[P05.2] Etapa precontractual,[P05.2] 2.2,Sesión del Comité de Contratación para aprobación del proceso precontractual.,2025-08-21,2025-08-28,20,Completado
14,Los Mártires,[P05.2] Etapa precontractual,[P05.2] 2.3,Radicación tramite de solicitud  para la  asistencia Técnica.,2025-08-28,2025-09-10,20,Completado
14,Los Mártires,[P05.2] Etapa precontractual,[P05.2] 2.4,Proceso de publicación contractual.,2025-09-10,2025-10-10,20,Completado
14,Los Mártires,[P05.2] Etapa precontractual,[P05.2] 2.5,Proceso de Adjudicación contractual,2025-10-10,2025-10-30,20,Completado
14,Los Mártires,[P05.3] Etapa contractual 40,[P05.3] 3.1,Firma del acta de Inicio de los contrantos de construcción.,2025-11-03,2025-11-07,10,Completado
14,Los Mártires,[P05.3] Etapa contractual 40,P08.3-H1-A09,Apropiacion de estudios y disenos ,2026-03-01,2026-03-31,20,Completado
14,Los Mártires,[P05.3] Etapa contractual 40,P08.3-H1-A10,Socialización del proceso de construcción con la comunidad.,2025-11-03,2026-04-30,15,Completado
14,Los Mártires,[P05.3] Etapa contractual 40,P08.3-H1-A11,Visita Transformación a obra,2026-04-01,2026-05-15,15,Completado
14,Los Mártires,[P05.3] Etapa contractual 40,P08.3-H1-A12,Inicio de la ejecución contractual.,2026-03-01,2026-03-31,10,Completado
14,Los Mártires,[P05.3] Etapa contractual 40,P08.3-H1-A13,Entrega del 30 % de la obra ,2025-11-07,2026-06-15,30,Completado
14,Los Mártires,4. Ejecución final obra,P08.4.A14,Entrega 50% Obra,2026-08-01,2026-09-15,20,
14,Los Mártires,4. Ejecución final obra,P08.4.A15,Entrega 65% Obra,2026-09-01,2026-10-15,20,
14,Los Mártires,4. Ejecución final obra,P08.4.A16,Entrega 80% Obra,2026-10-01,2026-12-15,25,
14,Los Mártires,4. Ejecución final obra,P08.4.A17,Entrega 100% Obra,2026-01-01,2026-02-28,25,
14,Los Mártires,4. Ejecución final obra,P08.4.A18,Inauguración obra,2026-03-01,2026-03-31,10,
15,Antonio Nariño,1. Componentes básicos,P08.1.A1,Adjudicación obra rehabilitación parque,2026-03-01,2026-09-15,10,
15,Antonio Nariño,1. Componentes básicos,P08.1.A2,Mesa cocreación,2026-03-01,2026-09-15,10,
15,Antonio Nariño,1. Componentes básicos,P08.1.A3,Ejecución 75% obra,2026-03-01,2026-09-15,10,
15,Antonio Nariño,1. Componentes básicos,P08.1.A4,Ejecución 90% obra,2026-03-01,2026-10-15,20,
15,Antonio Nariño,1. Componentes básicos,P08.1.A5,Ejecución 100% obra,2026-03-01,2026-10-30,50,
15,Antonio Nariño,2. Valor agregado,P08.2.A6,Lluvia de ideas sobre componente de valor agregado,2026-09-01,2026-09-15,10,
15,Antonio Nariño,2. Valor agregado,P08.2.A7,Selección de componente de valor agregado del parque,2026-09-01,2026-10-30,20,
15,Antonio Nariño,2. Valor agregado,P08.2.A8,Ejecución componente,2026-09-01,2026-11-15,50,
15,Antonio Nariño,2. Valor agregado,P08.2.A9,Puesta en escena componente valor agregado.,2026-09-01,2026-11-30,20,
16,Puente Aranda,[P05.1] Estructuración y gestión interinstitucional,[P05.1] 1.1,Diagnóstico técnico y social del Canal Comuneros,2025-08-10,2025-09-30,40,Completado
16,Puente Aranda,[P05.1] Estructuración y gestión interinstitucional,[P05.1] 2.1,Reunión con Acueducto de Bogotá,2025-09-01,2025-09-30,20,Completado
16,Puente Aranda,[P05.1] Estructuración y gestión interinstitucional,[P05.1] 2.2,Reunión con Secretaría Distrital de Ambiente,2025-09-01,2025-09-20,20,Completado
16,Puente Aranda,[P05.1] Estructuración y gestión interinstitucional,[P05.1] 2.3,Reunión con Secretaría de Seguridad y Policía,2025-09-01,2025-09-20,20,Completado
16,Puente Aranda,2.Cerramiento (50 mts),P08.2.A6,Contratación cerramiento,2026-07-01,2026-08-30,20,Completado
16,Puente Aranda,2.Cerramiento (50 mts),P08.2.A7,Ejecución cerramiento,2026-07-01,2026-09-30,40,Completado
16,Puente Aranda,2.Cerramiento (50 mts),P08.2.A8,Entrega cerramiento,2026-09-15,2026-10-15,40,
16,Puente Aranda,3. PAC,P08.3.A9,Actividades PAC Ago 2026,2026-08-01,2026-08-31,25,
16,Puente Aranda,3. PAC,P08.3.A10,Actividades PAC Sep 2026,2026-09-01,2026-09-30,25,
16,Puente Aranda,3. PAC,P08.3.A11,Actividades PAC Oct 2026,2026-10-01,2026-10-31,25,
16,Puente Aranda,3. PAC,P08.3.A12,Actividades PAC Nov 2026,2026-11-01,2026-11-30,25,
16,Puente Aranda,4. Complementarios,P08.4.A13,Consecución recursos extensión cerramiento a 1km,2026-09-01,2026-10-31,25,En curso
16,Puente Aranda,4. Complementarios,P08.4.A14,Informe avances protocolo habitante calle,2026-09-01,2026-11-30,25,
16,Puente Aranda,4. Complementarios,P08.4.A15,P08.4-H1-A19,2026-06-01,2026-12-10,25,
16,Puente Aranda,4. Complementarios,P08.4.A16,P08.4-H1-A20,2026-06-01,2026-12-14,25,
18,Rafael Uribe Uribe,1. Intervención interinstitucional,P08.1.A1,Plan de trabajo,2026-09-01,2026-09-30,5,
18,Rafael Uribe Uribe,1. Intervención interinstitucional,P08.1.A2,Alumbrado,2026-10-01,2026-10-31,5,
18,Rafael Uribe Uribe,1. Intervención interinstitucional,P08.1.A3,Poda 1,2026-09-01,2026-09-30,3,
18,Rafael Uribe Uribe,1. Intervención interinstitucional,P08.1.A4,Poda 2,2026-10-01,2026-10-30,3,
18,Rafael Uribe Uribe,1. Intervención interinstitucional,P08.1.A5,Poda 3,2026-11-01,2026-11-30,3,
18,Rafael Uribe Uribe,1. Intervención interinstitucional,P08.1.A6,Intervención puntos críticos,2026-09-01,2026-10-31,6,
18,Rafael Uribe Uribe,1. Intervención interinstitucional,P08.1.A7,Convenio Aguas Bogotá,2026-09-01,2026-10-31,5,
18,Rafael Uribe Uribe,1. Intervención interinstitucional,P08.1.A8,Ambulancia de parques,2026-09-01,2026-10-31,5,
18,Rafael Uribe Uribe,1. Intervención interinstitucional,P08.1.A9,Cuidado cancha Sep,2026-09-01,2026-09-30,4,
18,Rafael Uribe Uribe,1. Intervención interinstitucional,P08.1.A10,Cuidado cancha Oct,2026-10-01,2026-10-30,4,
18,Rafael Uribe Uribe,1. Intervención interinstitucional,P08.1.A11,Cuidado cancha Nov,2026-11-01,2026-11-30,4,
18,Rafael Uribe Uribe,1. Intervención interinstitucional,P08.1.A12,Van de acceso justicia Sep,2026-09-01,2026-09-30,3,
18,Rafael Uribe Uribe,1. Intervención interinstitucional,P08.1.A13,Van de acceso justicia Oct,2026-10-01,2026-10-30,3,
18,Rafael Uribe Uribe,1. Intervención interinstitucional,P08.1.A14,Van de acceso justicia Nov,2026-11-01,2026-11-30,3,
18,Rafael Uribe Uribe,1. Intervención interinstitucional,P08.1.A15,Patrullaje mixto con registro y control Oct,2026-09-01,2026-09-30,3,
18,Rafael Uribe Uribe,1. Intervención interinstitucional,P08.1.A16,Patrullaje mixto con registro y control Nov,2026-10-01,2026-10-30,3,
18,Rafael Uribe Uribe,1. Intervención interinstitucional,P08.1.A17,Patrullaje mixto con registro y control Dic,2026-11-01,2026-11-30,3,
18,Rafael Uribe Uribe,1. Intervención interinstitucional,P08.1.A18,Capacitación mujeres,2026-09-01,2026-11-30,5,
18,Rafael Uribe Uribe,1. Intervención interinstitucional,P08.1.A19,Limpieza sumideros,2026-09-01,2026-10-31,5,
18,Rafael Uribe Uribe,1. Intervención interinstitucional,P08.1.A20,Taller comunitario,2026-09-01,2026-11-30,5,
18,Rafael Uribe Uribe,1. Intervención interinstitucional,P08.1.A21,Arbolado,2026-10-01,2026-10-30,5,
18,Rafael Uribe Uribe,1. Intervención interinstitucional,P08.1.A22,Jardinería,2026-09-01,2026-11-30,5,
18,Rafael Uribe Uribe,1. Intervención interinstitucional,P08.1.A23,Clasificación del predio,2026-09-01,2026-10-15,5,
18,Rafael Uribe Uribe,1. Intervención interinstitucional,P08.1.A24,Coordinación intervención y seguimiento AL,2026-08-01,2026-12-31,5,
18,Rafael Uribe Uribe,2. Skate Park,P08.2.A25,Mesa trabajo para definir posibles intervenciones y torneo,2026-09-01,2026-09-30,10,
18,Rafael Uribe Uribe,2. Skate Park,P08.2.A26,Relanzamiento Skate Park,2026-10-01,2026-10-31,45,
18,Rafael Uribe Uribe,2. Skate Park,P08.2.A27,Torneo Skate Park,2026-11-01,2026-11-30,45,
19,Ciudad Bolívar,1. Estudios y diseños,P08.1.A1,Aprobación y viabilidad técnica del IDRD,2026-09-15,2026-10-15,40,
19,Ciudad Bolívar,1. Estudios y diseños,P08.1.A2,Actualizar y/o ajustar los estudios y diseños elaborados en 2017,2026-09-15,2026-10-31,30,
19,Ciudad Bolívar,1. Estudios y diseños,P08.1.A3,Adelantar los trámites permisos y autorizaciones requeridos,2026-09-15,2026-10-31,30,
19,Ciudad Bolívar,2. Contratación,P08.2.A4,Gestionar recursos necesarios para financiar la construcción del parque.,2026-09-15,2026-10-15,30,
19,Ciudad Bolívar,2. Contratación,P08.2.A5,Realización comité de contratación obra e interventoría.,2026-10-01,2026-10-15,30,
19,Ciudad Bolívar,2. Contratación,P08.2.A6,Aprobación Asistencia Técnica,2026-10-01,2026-10-31,10,
19,Ciudad Bolívar,2. Contratación,P08.2.A7,Expedición CRP obra e interventoría.,2026-12-01,2026-12-31,30,
19,Ciudad Bolívar,3. Ejecución obra,P08.3.A8,Acta de inicio de la obra.,2026-01-01,2026-01-30,5,
19,Ciudad Bolívar,3. Ejecución obra,P08.3.A9,Apropiación de estudios y diseños por parte del contratista.,2026-02-01,2026-02-28,5,
19,Ciudad Bolívar,3. Ejecución obra,P08.3.A10,Ejecución 25%,2026-03-01,2026-03-31,20,
19,Ciudad Bolívar,3. Ejecución obra,P08.3.A11,Ejecución 50%,2026-04-01,2026-04-30,20,
19,Ciudad Bolívar,3. Ejecución obra,P08.3.A12,Ejecución 75%,2026-05-01,2026-05-31,20,
19,Ciudad Bolívar,3. Ejecución obra,P08.3.A13,Entrega obra,2026-06-01,2026-06-30,20,
19,Ciudad Bolívar,3. Ejecución obra,P08.3.A14,Inauguración parque,2026-07-01,2026-07-15,10,
20,Sumapaz,[P05.1] Preliminares,[P05.1] 1.1,Mesa de trabajo sobre el estado del PMA actual.,2025-07-01,2025-07-15,8,Completado
20,Sumapaz,[P05.1] Preliminares,[P05.1] 1.2,Registro fotográfico y fílmico para solicitud de concepto técnico,2025-07-01,2025-07-22,8,Completado
20,Sumapaz,[P05.1] Preliminares,[P05.1] 1.3,Análisis de favorabilidad ambiental del uso de este material,2025-07-01,2025-07-22,8,Completado
20,Sumapaz,[P05.1] Preliminares,[P05.1] 1.4,Análisis financiero del mantenimiento actual,2025-07-01,2025-07-22,8,Completado
20,Sumapaz,[P05.1] Preliminares,[P05.1] 1.5,Análisis de impacto social de situación actual,2025-07-01,2025-07-22,8,Completado
20,Sumapaz,[P05.1] Preliminares,[P05.1] 1.6,Documento borrador de solicitud de concepto técnico.,2025-07-01,2025-07-22,20,Completado
20,Sumapaz,[P05.1] Preliminares,[P05.1] 2.1,Mesa de trabajo para solicitar concepto técnico ANLA.,2025-07-01,2025-07-23,20,Completado
20,Sumapaz,[P05.1] Preliminares,[P05.1] 2.2,Ajustes al documento de solicitud,2025-07-01,2025-08-15,20,Completado
20,Sumapaz,2. Preparación interna del PMA,P08.2.A9,"Clasificación observaciones técnicas, sociales y ambientales",2026-08-15,2026-08-31,10,
20,Sumapaz,2. Preparación interna del PMA,P08.2.A10,Abordaje observaciones por parte de los equipos de la AL,2026-08-15,2026-09-30,40,
20,Sumapaz,2. Preparación interna del PMA,P08.2.A11,Solución observaciones por parte del Idu,2026-08-15,2026-09-30,30,
20,Sumapaz,2. Preparación interna del PMA,P08.2.A12,Determinación y definición de observaciones que necesitan terceros,2026-08-15,2026-09-15,20,
20,Sumapaz,3. Solicitud actualización PMA,P08.3.A13,Preradicación para definir actualización o modificación,2026-10-15,2026-10-31,30,
20,Sumapaz,3. Solicitud actualización PMA,P08.3.A14,Radicación final,2026-11-15,2026-11-30,30,
20,Sumapaz,3. Solicitud actualización PMA,P08.3.A15,Aprobacion soliciutd,2026-11-15,2027-01-31,40,
